{
  "sample_count": 594,
  "duration_sec": 19.95299999997951,
  "fps_avg": 29.769959404631383,
  "err_px": {
    "mean": 62.07409838718832,
    "median": 51.496963964540555,
    "std": 38.91553202051226,
    "p90": 116.2386866067623,
    "p95": 128.95042561629757,
    "max": 200.9138608040956
  },
  "rmse_time_weighted": 73.51186493724158,
  "tracking_loss_rate": 0.0,
  "mean_depth_mm": 394.8260073260073,
  "valid_depth_fraction_avg": 0.4595959595959596
}