{
  "sample_count": 321,
  "duration_sec": 19.85899999999674,
  "fps_avg": 16.163955889020226,
  "err_px": {
    "mean": 61.99213449732604,
    "median": 39.04527467243335,
    "std": 84.30189130969232,
    "p90": 103.0577811579191,
    "p95": 261.33931005375314,
    "max": 502.18956171068
  },
  "rmse_time_weighted": 96.92895015103117,
  "tracking_loss_rate": 0.0,
  "mean_depth_mm": 400.0,
  "valid_depth_fraction_avg": 1.0
}