{
  "color_intrinsics": {
    "width": 640,
    "height": 480,
    "ppx": 327.7391357421875,
    "ppy": 239.35581970214844,
    "fx": 608.78515625,
    "fy": 609.218017578125,
    "model": "distortion.inverse_brown_conrady",
    "coeffs": [
      0.0,
      0.0,
      0.0,
      0.0,
      0.0
    ]
  },
  "depth_intrinsics": {
    "width": 640,
    "height": 480,
    "ppx": 318.7005615234375,
    "ppy": 244.15444946289062,
    "fx": 384.156982421875,
    "fy": 384.156982421875,
    "model": "distortion.brown_conrady",
    "coeffs": [
      0.0,
      0.0,
      0.0,
      0.0,
      0.0
    ]
  },
  "depth_to_color_extrinsics": {
    "rotation": [
      0.9999312162399292,
      -0.00995252002030611,
      -0.006207104306668043,
      0.009948029182851315,
      0.9999502301216125,
      -0.000753872562199831,
      0.00621429830789566,
      0.0006920722080394626,
      0.9999804496765137
    ],
    "translation": [
      0.014682227745652199,
      -6.583501090062782e-05,
      0.0004553723556455225
    ]
  },
  "aligned_mode": "depth->color"
}