{
  "sample_count": 148,
  "duration_sec": 4.906000000000859,
  "fps_avg": 30.167142274760312,
  "err_px": {
    "mean": 9.964667880198698,
    "median": 7.766762871778191,
    "std": 8.12519746062125,
    "p90": 21.542593174037982,
    "p95": 23.236716451327233,
    "max": 29.155674570845413
  },
  "rmse_time_weighted": 12.911935860423888,
  "tracking_loss_rate": 0.0,
  "mean_depth_mm": 243.93103448275863,
  "valid_depth_fraction_avg": 0.9797297297297297
}