{
  "mp": {
    "RMSE_px": 20.062521654142795,
    "median_px": 15.15559890952528,
    "p95_px": 41.216713666545594,
    "tracking_loss_rate": 0.0
  },
  "hsv": {
    "RMSE_px": 14.479888488950206,
    "median_px": 8.575082041844595,
    "p95_px": 33.955775854425774,
    "tracking_loss_rate": 0.0
  }
}