{
  "mp": {
    "rms_px": 25.04169539640922,
    "resampled_len": 681,
    "ds_px": 2.0
  },
  "hsv": {
    "rms_px": 32.96627724269459,
    "resampled_len": 686,
    "ds_px": 2.0
  }
}