{
  "sample_count": 595,
  "duration_sec": 19.9849999999999,
  "fps_avg": 29.77232924693535,
  "err_px": {
    "mean": 66.63334402135004,
    "median": 62.13547503931176,
    "std": 38.45010736101624,
    "p90": 117.71501423924369,
    "p95": 135.29593245390112,
    "max": 199.73627651488258
  },
  "rmse_time_weighted": 77.26309336139842,
  "tracking_loss_rate": 0.0,
  "mean_depth_mm": 413.56985294117646,
  "valid_depth_fraction_avg": 0.45714285714285713
}