{
  "sample_count": 288,
  "duration_sec": 24.81199999997625,
  "fps_avg": 11.607286796722379,
  "err_px": {
    "mean": 11.89316685848257,
    "median": 6.781275145881558,
    "std": 12.391738536205589,
    "p90": 36.9009239083133,
    "p95": 38.859095879687764,
    "max": 42.20001212611711
  },
  "rmse_time_weighted": 30.841343097271775,
  "tracking_loss_rate": 0.0,
  "mean_depth_mm": 683.6524822695036,
  "valid_depth_fraction_avg": 0.9791666666666666
}