{
  "sample_count": 441,
  "duration_sec": 15.64100000000326,
  "fps_avg": 28.19512818872886,
  "err_px": {
    "mean": 66.85901070696312,
    "median": 58.13934844086122,
    "std": 53.49866546673824,
    "p90": 121.20562577154729,
    "p95": 166.56073493449762,
    "max": 285.5062735704546
  },
  "rmse_time_weighted": 85.83460634423153,
  "tracking_loss_rate": 0.0,
  "mean_depth_mm": 399.72749391727496,
  "valid_depth_fraction_avg": 0.9319727891156463
}