{
  "sample_count": 573,
  "duration_sec": 19.985000000000582,
  "fps_avg": 28.671503627719954,
  "err_px": {
    "mean": 60.34221792211917,
    "median": 56.744216123643994,
    "std": 35.6113647253863,
    "p90": 108.32408564733225,
    "p95": 128.7215254282367,
    "max": 187.0066778662136
  },
  "rmse_time_weighted": 69.77733309635389,
  "tracking_loss_rate": 0.0,
  "mean_depth_mm": 451.53941908713693,
  "valid_depth_fraction_avg": 0.4205933682373473
}