{
  "sample_count": 99,
  "duration_sec": 7.64100000000326,
  "fps_avg": 12.956419316837819,
  "err_px": {
    "mean": 546.2117602020663,
    "median": 562.931218392384,
    "std": 163.0931101922309,
    "p90": 689.9765954530075,
    "p95": 738.4826075423657,
    "max": 1035.2186574357265
  },
  "rmse_time_weighted": 654.2539981297639,
  "tracking_loss_rate": 0.0,
  "mean_depth_mm": 400.0,
  "valid_depth_fraction_avg": 1.0
}