{
  "sample_count": 215,
  "duration_sec": 7.25,
  "fps_avg": 29.655172413793103,
  "err_px": {
    "mean": 417.24254249027445,
    "median": 351.8747131351373,
    "std": 200.80934420993444,
    "p90": 751.180876757716,
    "p95": 833.716763320418,
    "max": 926.3284270260767
  },
  "rmse_time_weighted": 462.1498759905367,
  "tracking_loss_rate": 0.0,
  "mean_depth_mm": 470.14285714285717,
  "valid_depth_fraction_avg": 0.03255813953488372
}