{
  "sample_count": 792,
  "duration_sec": 26.98399999999674,
  "fps_avg": 29.35072635636287,
  "err_px": {
    "mean": 13.539844565641031,
    "median": 11.297744593826835,
    "std": 9.992619657305589,
    "p90": 28.880513567041522,
    "p95": 31.811281681173867,
    "max": 46.597123322378195
  },
  "rmse_time_weighted": 17.0100704478517,
  "tracking_loss_rate": 0.0,
  "mean_depth_mm": 512.6090322580645,
  "valid_depth_fraction_avg": 0.9785353535353535
}