{
  "sample_count": 577,
  "duration_sec": 19.984999999999673,
  "fps_avg": 28.871653740305703,
  "err_px": {
    "mean": 79.12313790953603,
    "median": 76.52316433544262,
    "std": 39.80509823748841,
    "p90": 133.45785253266476,
    "p95": 146.7714109646137,
    "max": 206.6705371890952
  },
  "rmse_time_weighted": 88.13544810984551,
  "tracking_loss_rate": 0.0,
  "mean_depth_mm": 330.01485148514854,
  "valid_depth_fraction_avg": 0.8752166377816292
}