{
  "sample_count": 205,
  "duration_sec": 14.09299999999348,
  "fps_avg": 14.546228624146373,
  "err_px": {
    "mean": 8.073847242059886,
    "median": 4.345709722706791,
    "std": 9.217274257485663,
    "p90": 20.961602940472183,
    "p95": 30.36467405240517,
    "max": 42.22738420615097
  },
  "rmse_time_weighted": 9.717953150854738,
  "tracking_loss_rate": 0.0,
  "mean_depth_mm": 602.4877450980392,
  "valid_depth_fraction_avg": 0.9951219512195122
}