{
  "sample_count": 325,
  "duration_sec": 19.938000000009197,
  "fps_avg": 16.300531648101618,
  "err_px": {
    "mean": 62.90578072470295,
    "median": 55.518745064132986,
    "std": 39.60480103320587,
    "p90": 117.39157970243679,
    "p95": 127.89151254128797,
    "max": 209.80710751010199
  },
  "rmse_time_weighted": 76.37980777008327,
  "tracking_loss_rate": 0.0,
  "mean_depth_mm": 400.0,
  "valid_depth_fraction_avg": 1.0
}