{
  "sample_count": 159,
  "duration_sec": 12.953000000008615,
  "fps_avg": 12.27514861421248,
  "err_px": {
    "mean": 539.7178943032593,
    "median": 545.3416918093634,
    "std": 98.30702295941244,
    "p90": 660.6038842482616,
    "p95": 695.5693730174546,
    "max": 728.7547094143921
  },
  "rmse_time_weighted": 543.0966040015634,
  "tracking_loss_rate": 0.0,
  "mean_depth_mm": 400.0,
  "valid_depth_fraction_avg": 1.0
}