{
  "sample_count": 592,
  "duration_sec": 19.98499999998603,
  "fps_avg": 29.62221666251758,
  "err_px": {
    "mean": 26.961002518257686,
    "median": 25.951128510868198,
    "std": 14.50963720557152,
    "p90": 46.494527833700836,
    "p95": 55.30595135956946,
    "max": 69.89155281831427
  },
  "rmse_time_weighted": 30.554231252574812,
  "tracking_loss_rate": 0.0,
  "mean_depth_mm": 387.2073608617594,
  "valid_depth_fraction_avg": 0.9408783783783784
}