{
  "sample_count": 789,
  "duration_sec": 38.703000000008615,
  "fps_avg": 20.38601658785687,
  "err_px": {
    "mean": 38.38951406470232,
    "median": 20.95124771584154,
    "std": 34.627730431277925,
    "p90": 95.03209617069183,
    "p95": 100.19770711659434,
    "max": 106.58356216630384
  },
  "rmse_time_weighted": 51.737437716976636,
  "tracking_loss_rate": 0.0,
  "mean_depth_mm": 412.8455284552846,
  "valid_depth_fraction_avg": 0.935361216730038
}