{
  "sample_count": 549,
  "duration_sec": 31.389999999999418,
  "fps_avg": 17.489646384199112,
  "err_px": {
    "mean": 14.464736025393929,
    "median": 12.542281920034393,
    "std": 10.006248119006365,
    "p90": 29.211445106062964,
    "p95": 32.008382869613904,
    "max": 34.067166949722505
  },
  "rmse_time_weighted": 20.590051614480206,
  "tracking_loss_rate": 0.0,
  "mean_depth_mm": 345.01138952164007,
  "valid_depth_fraction_avg": 0.7996357012750456
}