{
  "sample_count": 1338,
  "duration_sec": 71.45300000000861,
  "fps_avg": 18.725595846218337,
  "err_px": {
    "mean": 46.716312484865895,
    "median": 38.12973106009184,
    "std": 43.39790154912604,
    "p90": 95.9285028794475,
    "p95": 102.99663616646926,
    "max": 426.8947233927542
  },
  "rmse_time_weighted": 89.55912356251297,
  "tracking_loss_rate": 0.0,
  "mean_depth_mm": 389.20463629096724,
  "valid_depth_fraction_avg": 0.9349775784753364
}