{
  "sample_count": 491,
  "duration_sec": 34.14100000000326,
  "fps_avg": 14.381535397321494,
  "err_px": {
    "mean": 54.621037347299826,
    "median": 60.332976432619155,
    "std": 31.707891860267395,
    "p90": 91.70164692911546,
    "p95": 97.9784039383095,
    "max": 208.1541282088425
  },
  "rmse_time_weighted": 102.7511173536612,
  "tracking_loss_rate": 0.0,
  "mean_depth_mm": 427.8217299578059,
  "valid_depth_fraction_avg": 0.9653767820773931
}