{
  "sample_count": 344,
  "duration_sec": 18.375,
  "fps_avg": 18.72108843537415,
  "err_px": {
    "mean": 61.824197377699704,
    "median": 45.82585376028687,
    "std": 71.38207537857677,
    "p90": 119.59337623366378,
    "p95": 230.08353399160578,
    "max": 372.253127691561
  },
  "rmse_time_weighted": 131.61215218144383,
  "tracking_loss_rate": 0.0,
  "mean_depth_mm": 514.2235294117647,
  "valid_depth_fraction_avg": 0.24709302325581395
}