{
  "sample_count": 235,
  "duration_sec": 7.79700000000048,
  "fps_avg": 30.139797357956333,
  "err_px": {
    "mean": 11.948775561940671,
    "median": 8.301602129625781,
    "std": 11.178296230376308,
    "p90": 25.27879603802943,
    "p95": 37.3294381994375,
    "max": 50.145099909771375
  },
  "rmse_time_weighted": 16.40957842711024,
  "tracking_loss_rate": 0.0,
  "mean_depth_mm": 427.27272727272725,
  "valid_depth_fraction_avg": 0.9829787234042553
}