{
  "sample_count": 590,
  "duration_sec": 25.062000000000012,
  "fps_avg": 23.541616790359896,
  "err_px": {
    "mean": 20.868218977054845,
    "median": 15.029733862435574,
    "std": 34.806675733090486,
    "p90": 23.223055716878328,
    "p95": 103.5823728071565,
    "max": 227.21267944748033
  },
  "rmse_time_weighted": 104.87549405754014,
  "tracking_loss_rate": 0.0,
  "mean_depth_mm": 567.592803030303,
  "valid_depth_fraction_avg": 0.8949152542372881
}