{
  "sample_count": 597,
  "duration_sec": 19.98399999999674,
  "fps_avg": 29.873899119300308,
  "err_px": {
    "mean": 59.784971381492866,
    "median": 43.123915753435895,
    "std": 47.72283719997674,
    "p90": 134.7444684498155,
    "p95": 171.06872181847461,
    "max": 205.29640281541404
  },
  "rmse_time_weighted": 76.71827750928706,
  "tracking_loss_rate": 0.0,
  "mean_depth_mm": 312.8379953379953,
  "valid_depth_fraction_avg": 0.7185929648241206
}