{
  "sample_count": 312,
  "duration_sec": 19.985000000000582,
  "fps_avg": 15.611708781585735,
  "err_px": {
    "mean": 96.42495681498379,
    "median": 79.07736572568481,
    "std": 67.11680074749009,
    "p90": 198.78546434783394,
    "p95": 238.23259514193938,
    "max": 305.8741903221669
  },
  "rmse_time_weighted": 118.78059509167655,
  "tracking_loss_rate": 0.0,
  "mean_depth_mm": 400.0,
  "valid_depth_fraction_avg": 1.0
}