{
  "sample_count": 576,
  "duration_sec": 19.96799999999348,
  "fps_avg": 28.846153846163265,
  "err_px": {
    "mean": 65.37536712228923,
    "median": 52.246614133258916,
    "std": 57.16672162915086,
    "p90": 117.7777868459606,
    "p95": 145.5185989217779,
    "max": 390.7627280466633
  },
  "rmse_time_weighted": 88.08001297911093,
  "tracking_loss_rate": 0.0,
  "mean_depth_mm": 465.9660194174757,
  "valid_depth_fraction_avg": 0.3576388888888889
}