{
  "sample_count": 84,
  "duration_sec": 2.7810000000026776,
  "fps_avg": 30.204962243768115,
  "err_px": {
    "mean": 9.543381007454704,
    "median": 4.83521590470445,
    "std": 8.76241069065785,
    "p90": 24.466689800861175,
    "p95": 28.812913138014842,
    "max": 33.111541441009734
  },
  "rmse_time_weighted": 12.943821531545174,
  "tracking_loss_rate": 0.0,
  "mean_depth_mm": 559.4166666666666,
  "valid_depth_fraction_avg": 1.0
}