{
  "sample_count": 582,
  "duration_sec": 19.952999999999975,
  "fps_avg": 29.168546083295784,
  "err_px": {
    "mean": 68.66589031526148,
    "median": 65.1870351267398,
    "std": 38.00287093009527,
    "p90": 122.28990522751933,
    "p95": 138.54805805360155,
    "max": 190.33331681261035
  },
  "rmse_time_weighted": 78.73787507855036,
  "tracking_loss_rate": 0.0,
  "mean_depth_mm": 408.29834254143645,
  "valid_depth_fraction_avg": 0.6219931271477663
}