{
  "sample_count": 337,
  "duration_sec": 11.54699999999957,
  "fps_avg": 29.185069715078594,
  "err_px": {
    "mean": 259.6095430832588,
    "median": 188.30175046037058,
    "std": 213.61735418529722,
    "p90": 617.9592697731116,
    "p95": 689.9684052699723,
    "max": 833.3928473344654
  },
  "rmse_time_weighted": 335.12328795528236,
  "tracking_loss_rate": 0.0,
  "mean_depth_mm": 504.9924623115578,
  "valid_depth_fraction_avg": 0.5905044510385756
}