{
  "sample_count": 320,
  "duration_sec": 11.296000000002095,
  "fps_avg": 28.328611898011744,
  "err_px": {
    "mean": 59.20020277935879,
    "median": 61.38926968252282,
    "std": 42.82572060253595,
    "p90": 116.18783694014249,
    "p95": 119.73640460297898,
    "max": 124.14870910148667
  },
  "rmse_time_weighted": 73.26918310710457,
  "tracking_loss_rate": 0.0,
  "mean_depth_mm": 386.89869281045753,
  "valid_depth_fraction_avg": 0.95625
}