{
  "color": {
    "width": 1920,
    "height": 1080,
    "fx": 1662.7687752661222,
    "fy": 1662.7687752661222,
    "ppx": 960.0,
    "ppy": 540.0,
    "model": "webcam_approximation",
    "coeffs": [
      0.0,
      0.0,
      0.0,
      0.0,
      0.0
    ]
  },
  "depth": {
    "width": 1920,
    "height": 1080,
    "fx": 1662.7687752661222,
    "fy": 1662.7687752661222,
    "ppx": 960.0,
    "ppy": 540.0,
    "model": "fake_depth",
    "coeffs": [
      0.0,
      0.0,
      0.0,
      0.0,
      0.0
    ],
    "depth_scale": 0.001
  }
}