{
  "sample_count": 586,
  "duration_sec": 19.96900000000005,
  "fps_avg": 29.345485502528845,
  "err_px": {
    "mean": 27.79927561241808,
    "median": 22.867905071092878,
    "std": 20.38278148079749,
    "p90": 51.75875220204054,
    "p95": 64.92316330769592,
    "max": 120.7568493059137
  },
  "rmse_time_weighted": 34.4247565962747,
  "tracking_loss_rate": 0.0,
  "mean_depth_mm": 346.5738636363636,
  "valid_depth_fraction_avg": 0.45051194539249145
}