{
  "sample_count": 455,
  "duration_sec": 16.5,
  "fps_avg": 27.575757575757574,
  "err_px": {
    "mean": 85.02869166600733,
    "median": 35.072198702064725,
    "std": 166.4929598402736,
    "p90": 115.91879834105042,
    "p95": 548.8321964783556,
    "max": 1064.9226670488838
  },
  "rmse_time_weighted": 182.2226638954417,
  "tracking_loss_rate": 0.0,
  "mean_depth_mm": 379.41616766467064,
  "valid_depth_fraction_avg": 0.734065934065934
}