{
  "sample_count": 96,
  "duration_sec": 4.26600000000326,
  "fps_avg": 22.503516174385055,
  "err_px": {
    "mean": 11.566549988409703,
    "median": 7.978450271051574,
    "std": 9.219177522089403,
    "p90": 24.602691606013323,
    "p95": 32.74631039713304,
    "max": 37.56447277347886
  },
  "rmse_time_weighted": 14.90452923417024,
  "tracking_loss_rate": 0.0,
  "mean_depth_mm": 435.609375,
  "valid_depth_fraction_avg": 1.0
}