{
  "sample_count": 597,
  "duration_sec": 19.98499999998603,
  "fps_avg": 29.872404303248302,
  "err_px": {
    "mean": 76.37001010031189,
    "median": 71.61523979384862,
    "std": 43.6207600198645,
    "p90": 134.82130843967556,
    "p95": 151.90576408314814,
    "max": 319.2434868008271
  },
  "rmse_time_weighted": 87.82749217336914,
  "tracking_loss_rate": 0.0,
  "mean_depth_mm": 417.4961315280464,
  "valid_depth_fraction_avg": 0.8659966499162479
}