{
  "sample_count": 351,
  "duration_sec": 12.609000000025844,
  "fps_avg": 27.837259100585342,
  "err_px": {
    "mean": 41.17208883129162,
    "median": 38.9242651684951,
    "std": 29.36964278603647,
    "p90": 84.29334130073923,
    "p95": 87.89709425934119,
    "max": 93.51722898591717
  },
  "rmse_time_weighted": 50.06675576775143,
  "tracking_loss_rate": 0.0,
  "mean_depth_mm": 414.18027210884355,
  "valid_depth_fraction_avg": 0.8376068376068376
}