{
  "sample_count": 380,
  "duration_sec": 18.42200000002049,
  "fps_avg": 20.627510585146965,
  "err_px": {
    "mean": 60.25184770514589,
    "median": 71.16536002717365,
    "std": 34.4539368716431,
    "p90": 100.28610236396325,
    "p95": 103.76659462722547,
    "max": 109.14174229422514
  },
  "rmse_time_weighted": 69.56189840577318,
  "tracking_loss_rate": 0.0,
  "mean_depth_mm": 407.3187830687831,
  "valid_depth_fraction_avg": 0.9947368421052631
}