{
  "sample_count": 69,
  "duration_sec": 2.2660000000032596,
  "fps_avg": 30.450132391836163,
  "err_px": {
    "mean": 18.944946890280324,
    "median": 14.11090781266687,
    "std": 13.10087288359072,
    "p90": 40.15025015029674,
    "p95": 46.80911629537737,
    "max": 48.56599678632553
  },
  "rmse_time_weighted": 23.282977678752783,
  "tracking_loss_rate": 0.0,
  "mean_depth_mm": 503.07246376811594,
  "valid_depth_fraction_avg": 1.0
}