{
  "sample_count": 166,
  "duration_sec": 6.577999999979511,
  "fps_avg": 25.23563393136471,
  "err_px": {
    "mean": 17.681182507575812,
    "median": 15.15559890952528,
    "std": 12.160791992490287,
    "p90": 39.213452159250906,
    "p95": 41.216713666545594,
    "max": 43.41739438175711
  },
  "rmse_time_weighted": 20.062521654142795,
  "tracking_loss_rate": 0.0,
  "mean_depth_mm": 974.6366459627329,
  "valid_depth_fraction_avg": 0.9698795180722891
}