{
  "sample_count": 582,
  "duration_sec": 19.985000000000582,
  "fps_avg": 29.12184138103493,
  "err_px": {
    "mean": 23.150891679099317,
    "median": 21.573385317264126,
    "std": 10.540129492915927,
    "p90": 36.262245694897594,
    "p95": 40.284713232059914,
    "max": 56.1474024553483
  },
  "rmse_time_weighted": 25.413252782516953,
  "tracking_loss_rate": 0.0,
  "mean_depth_mm": 265.77197149643706,
  "valid_depth_fraction_avg": 0.7233676975945017
}