{
  "sample_count": 342,
  "duration_sec": 19.969000000011874,
  "fps_avg": 17.126546146516933,
  "err_px": {
    "mean": 638.0595596614177,
    "median": 622.7622097736952,
    "std": 200.69477020021458,
    "p90": 958.5235585768486,
    "p95": 971.6070065335782,
    "max": 1006.9594997213409
  },
  "rmse_time_weighted": 658.4099679023035,
  "tracking_loss_rate": 0.0,
  "mean_depth_mm": 400.0,
  "valid_depth_fraction_avg": 1.0
}