{
  "sample_count": 284,
  "duration_sec": 12.51600000000326,
  "fps_avg": 22.690955576855707,
  "err_px": {
    "mean": 74.00328472957145,
    "median": 55.431130797838236,
    "std": 65.61341963199304,
    "p90": 181.38707302104982,
    "p95": 218.4895625785208,
    "max": 305.3041785374179
  },
  "rmse_time_weighted": 99.53713103957897,
  "tracking_loss_rate": 0.0,
  "mean_depth_mm": 312.3107142857143,
  "valid_depth_fraction_avg": 0.9859154929577465
}