{
  "sample_count": 881,
  "duration_sec": 54.062000000005355,
  "fps_avg": 16.296104472640906,
  "err_px": {
    "mean": 50.63680861751763,
    "median": 41.30559804552537,
    "std": 43.986816205167656,
    "p90": 88.91006446409996,
    "p95": 141.1667196425269,
    "max": 333.5083405079753
  },
  "rmse_time_weighted": 72.45199751884185,
  "tracking_loss_rate": 0.0,
  "mean_depth_mm": 431.5023419203747,
  "valid_depth_fraction_avg": 0.9693530079455165
}