{
  "sample_count": 298,
  "duration_sec": 42.84399999999732,
  "fps_avg": 6.955466343012292,
  "err_px": {
    "mean": 43.59669617618042,
    "median": 28.43215721483584,
    "std": 38.878953420038535,
    "p90": 108.31013245521474,
    "p95": 120.610291222527,
    "max": 143.13416254355465
  },
  "rmse_time_weighted": 55.13425402931426,
  "tracking_loss_rate": 0.0,
  "mean_depth_mm": 496.3181818181818,
  "valid_depth_fraction_avg": 0.5906040268456376
}