{
  "sample_count": 238,
  "duration_sec": 7.937000000005355,
  "fps_avg": 29.986140859246493,
  "err_px": {
    "mean": 9.52213797186194,
    "median": 6.629633767082154,
    "std": 10.601930384698726,
    "p90": 20.781931894162867,
    "p95": 38.14294530254772,
    "max": 47.626098308803435
  },
  "rmse_time_weighted": 14.31791829419427,
  "tracking_loss_rate": 0.0,
  "mean_depth_mm": 513.3074534161491,
  "valid_depth_fraction_avg": 0.6764705882352942
}