{
  "sample_count": 192,
  "duration_sec": 9.780999999988126,
  "fps_avg": 19.62989469381792,
  "err_px": {
    "mean": 56.370572432905284,
    "median": 58.09421887280266,
    "std": 38.23897678300998,
    "p90": 113.27836031988573,
    "p95": 117.68941433934005,
    "max": 123.97517318982379
  },
  "rmse_time_weighted": 68.3526502539501,
  "tracking_loss_rate": 0.0,
  "mean_depth_mm": 363.1820652173913,
  "valid_depth_fraction_avg": 0.9583333333333334
}