{
  "sample_count": 40,
  "duration_sec": 1.9059999999881256,
  "fps_avg": 20.986358866867366,
  "err_px": {
    "mean": 22.772824339310763,
    "median": 15.298720486568106,
    "std": 21.743884305650536,
    "p90": 49.25667078671919,
    "p95": 71.38707947792088,
    "max": 101.9155232755967
  },
  "rmse_time_weighted": 32.430932650072926,
  "tracking_loss_rate": 0.0,
  "mean_depth_mm": 756.6428571428571,
  "valid_depth_fraction_avg": 0.175
}