{
  "sample_count": 81,
  "duration_sec": 6.484000000025844,
  "fps_avg": 12.492288710622633,
  "err_px": {
    "mean": 751.0491653708898,
    "median": 731.985675621208,
    "std": 75.77361203828048,
    "p90": 858.9811467556949,
    "p95": 863.9430992326031,
    "max": 866.9686169773862
  },
  "rmse_time_weighted": 753.7863721591085,
  "tracking_loss_rate": 0.0,
  "mean_depth_mm": 400.0,
  "valid_depth_fraction_avg": 1.0
}