{
  "sample_count": 430,
  "duration_sec": 18.828000000008615,
  "fps_avg": 22.83832589758887,
  "err_px": {
    "mean": 105.76404063940161,
    "median": 47.3917622122067,
    "std": 127.62918017291243,
    "p90": 310.0996134130718,
    "p95": 344.676794049362,
    "max": 577.0616101315073
  },
  "rmse_time_weighted": 167.06979525811911,
  "tracking_loss_rate": 0.0,
  "mean_depth_mm": 328.9867374005305,
  "valid_depth_fraction_avg": 0.8767441860465116
}