{
  "sample_count": 52,
  "duration_sec": 2.4839999999967404,
  "fps_avg": 20.933977455744056,
  "err_px": {
    "mean": 33.9212170074451,
    "median": 17.50122607997888,
    "std": 31.875949436595423,
    "p90": 83.59977392791171,
    "p95": 92.23554507737651,
    "max": 107.83549260933141
  },
  "rmse_time_weighted": 46.99437934538594,
  "tracking_loss_rate": 0.0,
  "mean_depth_mm": 401.2659574468085,
  "valid_depth_fraction_avg": 0.9038461538461539
}