{
  "sample_count": 321,
  "duration_sec": 11.312999999994645,
  "fps_avg": 28.374436489008392,
  "err_px": {
    "mean": 23.733515164111072,
    "median": 19.41271487076212,
    "std": 17.425452551743337,
    "p90": 52.134344465190004,
    "p95": 56.11286900458656,
    "max": 74.01894778193915
  },
  "rmse_time_weighted": 29.626567767172315,
  "tracking_loss_rate": 0.0,
  "mean_depth_mm": 362.1189591078067,
  "valid_depth_fraction_avg": 0.838006230529595
}