{
  "sample_count": 326,
  "duration_sec": 19.952999999994063,
  "fps_avg": 16.338395228792514,
  "err_px": {
    "mean": 80.25340033030702,
    "median": 65.87917470092117,
    "std": 58.63712262504893,
    "p90": 164.53242898052588,
    "p95": 188.8703966233632,
    "max": 265.53389699542174
  },
  "rmse_time_weighted": 102.08791565697115,
  "tracking_loss_rate": 0.0,
  "mean_depth_mm": 400.0,
  "valid_depth_fraction_avg": 1.0
}