{
  "sample_count": 373,
  "duration_sec": 24.828000000008615,
  "fps_avg": 15.023360721760536,
  "err_px": {
    "mean": 53.1934610107167,
    "median": 52.36546554870071,
    "std": 35.90791876269014,
    "p90": 103.83877503704767,
    "p95": 112.5857322428805,
    "max": 124.87681330496896
  },
  "rmse_time_weighted": 69.82848137312193,
  "tracking_loss_rate": 0.0,
  "mean_depth_mm": 413.1958456973294,
  "valid_depth_fraction_avg": 0.903485254691689
}