{
  "sample_count": 472,
  "duration_sec": 32.375,
  "fps_avg": 14.579150579150578,
  "err_px": {
    "mean": 48.078224077431685,
    "median": 40.09418403259788,
    "std": 40.30962777624679,
    "p90": 86.43997798608297,
    "p95": 94.24779657861458,
    "max": 472.1267258171282
  },
  "rmse_time_weighted": 150.49464065990293,
  "tracking_loss_rate": 0.0,
  "mean_depth_mm": 402.9147121535181,
  "valid_depth_fraction_avg": 0.9936440677966102
}