{
  "sample_count": 305,
  "duration_sec": 10.73399999999674,
  "fps_avg": 28.414384199747776,
  "err_px": {
    "mean": 58.967538795485254,
    "median": 63.996426933276446,
    "std": 42.50446157168108,
    "p90": 112.05791558670607,
    "p95": 117.28425046583702,
    "max": 124.8129009538378
  },
  "rmse_time_weighted": 72.90739387412148,
  "tracking_loss_rate": 0.0,
  "mean_depth_mm": 369.4769503546099,
  "valid_depth_fraction_avg": 0.9245901639344263
}