{
  "sample_count": 244,
  "duration_sec": 8.092999999999847,
  "fps_avg": 30.14951192388541,
  "err_px": {
    "mean": 10.477241767241669,
    "median": 8.678834604535535,
    "std": 6.766843333953034,
    "p90": 20.93437740865742,
    "p95": 24.408107582388016,
    "max": 27.91412146626396
  },
  "rmse_time_weighted": 12.480294884462156,
  "tracking_loss_rate": 0.0,
  "mean_depth_mm": 521.9128630705394,
  "valid_depth_fraction_avg": 0.9877049180327869
}