{
  "sample_count": 75,
  "duration_sec": 2.4680000000080327,
  "fps_avg": 30.388978930209035,
  "err_px": {
    "mean": 9.414523860602797,
    "median": 7.32723627271225,
    "std": 6.789071447816774,
    "p90": 19.661444234306057,
    "p95": 20.610423915990413,
    "max": 24.03449959384932
  },
  "rmse_time_weighted": 11.747395079903233,
  "tracking_loss_rate": 0.0,
  "mean_depth_mm": 330.88,
  "valid_depth_fraction_avg": 1.0
}