{
  "sample_count": 143,
  "duration_sec": 11.35899999999674,
  "fps_avg": 12.58913636764161,
  "err_px": {
    "mean": 50.21613196663945,
    "median": 49.805433759755054,
    "std": 19.83417445308278,
    "p90": 73.86289361599026,
    "p95": 90.53588098301684,
    "max": 106.66687143654565
  },
  "rmse_time_weighted": 43.35960846009965,
  "tracking_loss_rate": 0.0,
  "mean_depth_mm": 253.3986013986014,
  "valid_depth_fraction_avg": 1.0
}