{
  "sample_count": 298,
  "duration_sec": 10.51600000000326,
  "fps_avg": 28.3377710155865,
  "err_px": {
    "mean": 50.649067469594605,
    "median": 48.7250810666307,
    "std": 36.06285695746782,
    "p90": 106.15187267235451,
    "p95": 116.02628512883358,
    "max": 123.09027656618329
  },
  "rmse_time_weighted": 62.321372823193556,
  "tracking_loss_rate": 0.0,
  "mean_depth_mm": 383.6898496240602,
  "valid_depth_fraction_avg": 0.8926174496644296
}