{
  "sample_count": 596,
  "duration_sec": 19.98399999999674,
  "fps_avg": 29.82385908727468,
  "err_px": {
    "mean": 40.62467134184924,
    "median": 37.27470695951611,
    "std": 22.98982553294739,
    "p90": 74.24183152348719,
    "p95": 84.50396664335571,
    "max": 118.56867459690758
  },
  "rmse_time_weighted": 46.701749073377606,
  "tracking_loss_rate": 0.0,
  "mean_depth_mm": 419.1721739130435,
  "valid_depth_fraction_avg": 0.964765100671141
}