{
  "sample_count": 71,
  "duration_sec": 2.9539999999979045,
  "fps_avg": 24.035206499678527,
  "err_px": {
    "mean": 24.707000967303614,
    "median": 17.15938729576457,
    "std": 23.937811080543376,
    "p90": 67.11782879293463,
    "p95": 76.68974732725162,
    "max": 91.49149771834676
  },
  "rmse_time_weighted": 34.070307717940096,
  "tracking_loss_rate": 0.0,
  "mean_depth_mm": 269.59154929577466,
  "valid_depth_fraction_avg": 1.0
}