{
  "sample_count": 454,
  "duration_sec": 18.96900000000005,
  "fps_avg": 23.93378670462327,
  "err_px": {
    "mean": 123.27185488019516,
    "median": 65.37801159005113,
    "std": 196.47614551638821,
    "p90": 211.84217724149062,
    "p95": 593.2198272437723,
    "max": 1455.3624394971735
  },
  "rmse_time_weighted": 525.1624667999007,
  "tracking_loss_rate": 0.0,
  "mean_depth_mm": 450.82464454976304,
  "valid_depth_fraction_avg": 0.4647577092511013
}