{
  "sample_count": 577,
  "duration_sec": 19.983999999999924,
  "fps_avg": 28.873098478783138,
  "err_px": {
    "mean": 80.46127027159204,
    "median": 76.89295545110579,
    "std": 41.73364566520782,
    "p90": 136.28616257821997,
    "p95": 154.61344063403925,
    "max": 234.5547814449196
  },
  "rmse_time_weighted": 90.45739544130531,
  "tracking_loss_rate": 0.0,
  "mean_depth_mm": 340.51437699680514,
  "valid_depth_fraction_avg": 0.5424610051993067
}