{
  "sample_count": 181,
  "duration_sec": 6.0,
  "fps_avg": 30.166666666666668,
  "err_px": {
    "mean": 15.267049338061254,
    "median": 15.412927839500545,
    "std": 11.202294894336813,
    "p90": 29.77110546312226,
    "p95": 30.9115917155116,
    "max": 33.44019352121478
  },
  "rmse_time_weighted": 18.893968168746134,
  "tracking_loss_rate": 0.0,
  "mean_depth_mm": 380.7403314917127,
  "valid_depth_fraction_avg": 1.0
}