{
  "sample_count": 352,
  "duration_sec": 18.530999999988126,
  "fps_avg": 18.995197237074393,
  "err_px": {
    "mean": 135.94923559647012,
    "median": 73.62297224265724,
    "std": 114.4710985925692,
    "p90": 304.198284321382,
    "p95": 376.0475971499169,
    "max": 401.61632099627235
  },
  "rmse_time_weighted": 190.06821169467167,
  "tracking_loss_rate": 0.0,
  "mean_depth_mm": 229.22012578616352,
  "valid_depth_fraction_avg": 0.45170454545454547
}