{
  "sample_count": 417,
  "duration_sec": 20.34299999999348,
  "fps_avg": 20.498451555824296,
  "err_px": {
    "mean": 41.57810351759544,
    "median": 36.04188644154178,
    "std": 37.006100160236976,
    "p90": 99.45746676225563,
    "p95": 104.01260390840191,
    "max": 107.23353226304279
  },
  "rmse_time_weighted": 55.77871063937319,
  "tracking_loss_rate": 0.0,
  "mean_depth_mm": 411.50239808153475,
  "valid_depth_fraction_avg": 1.0
}