{
  "sample_count": 70,
  "duration_sec": 2.437999999994645,
  "fps_avg": 28.712059064870285,
  "err_px": {
    "mean": 32.445504803787,
    "median": 13.450603859514347,
    "std": 34.685636184970825,
    "p90": 92.23812950686346,
    "p95": 105.11048798139569,
    "max": 123.77410622869778
  },
  "rmse_time_weighted": 47.64033072778699,
  "tracking_loss_rate": 0.0,
  "mean_depth_mm": 470.4130434782609,
  "valid_depth_fraction_avg": 0.6571428571428571
}