{
  "sample_count": 320,
  "duration_sec": 19.671999999991385,
  "fps_avg": 16.266775111841202,
  "err_px": {
    "mean": 406.60209894095885,
    "median": 417.2380902890275,
    "std": 246.14444583533322,
    "p90": 776.9193936454865,
    "p95": 837.1881640279308,
    "max": 941.0840115837528
  },
  "rmse_time_weighted": 485.69865334726495,
  "tracking_loss_rate": 0.0,
  "mean_depth_mm": 400.0,
  "valid_depth_fraction_avg": 1.0
}