{
  "sample_count": 488,
  "duration_sec": 19.73399999999947,
  "fps_avg": 24.72889429411235,
  "err_px": {
    "mean": 124.18246280299451,
    "median": 79.42789116298725,
    "std": 138.21854327196684,
    "p90": 324.59710610045425,
    "p95": 467.9542861614313,
    "max": 1019.9035702264517
  },
  "rmse_time_weighted": 274.02716787883793,
  "tracking_loss_rate": 0.0,
  "mean_depth_mm": 317.9254278728606,
  "valid_depth_fraction_avg": 0.8381147540983607
}