{
  "sample_count": 149,
  "duration_sec": 6.390999999988708,
  "fps_avg": 23.314035362269326,
  "err_px": {
    "mean": 13.99752605531135,
    "median": 13.19392079797208,
    "std": 8.221373451890436,
    "p90": 24.17906378607796,
    "p95": 30.751343833341537,
    "max": 32.81726775903375
  },
  "rmse_time_weighted": 16.111594366513554,
  "tracking_loss_rate": 0.0,
  "mean_depth_mm": 404.8139534883721,
  "valid_depth_fraction_avg": 0.8657718120805369
}