{
  "sample_count": 54,
  "duration_sec": 1.75,
  "fps_avg": 30.857142857142858,
  "err_px": {
    "mean": 9.781218868563714,
    "median": 7.665234102208048,
    "std": 4.5550739134707285,
    "p90": 16.062688190621294,
    "p95": 16.615184467125864,
    "max": 22.927288686483884
  },
  "rmse_time_weighted": 10.73640226393327,
  "tracking_loss_rate": 0.0,
  "mean_depth_mm": 350.18518518518516,
  "valid_depth_fraction_avg": 1.0
}