{
  "sample_count": 151,
  "duration_sec": 5.015999999988708,
  "fps_avg": 30.10366826163077,
  "err_px": {
    "mean": 44.23719241877645,
    "median": 31.107900179090745,
    "std": 42.78544657458739,
    "p90": 89.47075936915941,
    "p95": 156.4566165356243,
    "max": 186.83223034687487
  },
  "rmse_time_weighted": 61.37688300622278,
  "tracking_loss_rate": 0.0,
  "mean_depth_mm": 308.19444444444446,
  "valid_depth_fraction_avg": 0.9536423841059603
}