{
  "sample_count": 302,
  "duration_sec": 16.015999999999963,
  "fps_avg": 18.8561438561439,
  "err_px": {
    "mean": 30.801778328028593,
    "median": 12.843284176007336,
    "std": 45.543896270583105,
    "p90": 83.54887753478489,
    "p95": 103.06697070625061,
    "max": 319.4224979777954
  },
  "rmse_time_weighted": 101.74998877434928,
  "tracking_loss_rate": 0.0,
  "mean_depth_mm": 632.7804347826087,
  "valid_depth_fraction_avg": 0.7615894039735099
}