{
  "sample_count": 224,
  "duration_sec": 7.484000000011292,
  "fps_avg": 29.930518439292094,
  "err_px": {
    "mean": 8.161739500101545,
    "median": 7.677955769587795,
    "std": 6.26016718692581,
    "p90": 15.090044988986014,
    "p95": 21.24685961711536,
    "max": 30.72402898307212
  },
  "rmse_time_weighted": 10.29626256305056,
  "tracking_loss_rate": 0.0,
  "mean_depth_mm": 421.1626794258373,
  "valid_depth_fraction_avg": 0.9330357142857143
}