{
  "sample_count": 193,
  "duration_sec": 12.797000000005937,
  "fps_avg": 15.081659764000191,
  "err_px": {
    "mean": 48.63114538862765,
    "median": 42.39254796865017,
    "std": 36.98164732962899,
    "p90": 90.09533197925602,
    "p95": 131.2444620024693,
    "max": 145.8888034471187
  },
  "rmse_time_weighted": 93.39769299545797,
  "tracking_loss_rate": 0.0,
  "mean_depth_mm": 427.7431693989071,
  "valid_depth_fraction_avg": 0.9481865284974094
}