{
  "sample_count": 591,
  "duration_sec": 19.984000000025844,
  "fps_avg": 29.573658927103466,
  "err_px": {
    "mean": 54.355260052727026,
    "median": 49.87485665573031,
    "std": 28.995758246760293,
    "p90": 94.19715899688111,
    "p95": 106.80041152892231,
    "max": 169.47492928691088
  },
  "rmse_time_weighted": 61.61830498145203,
  "tracking_loss_rate": 0.0,
  "mean_depth_mm": 420.8306451612903,
  "valid_depth_fraction_avg": 0.6294416243654822
}