{
  "sample_count": 65,
  "duration_sec": 2.1409999999996217,
  "fps_avg": 30.359645025694295,
  "err_px": {
    "mean": 9.96112839905018,
    "median": 8.696184082190094,
    "std": 6.152430885130972,
    "p90": 18.288131484264884,
    "p95": 21.759310288504867,
    "max": 24.31142508041933
  },
  "rmse_time_weighted": 11.854903345309209,
  "tracking_loss_rate": 0.0,
  "mean_depth_mm": 421.16923076923075,
  "valid_depth_fraction_avg": 1.0
}