{
  "sample_count": 580,
  "duration_sec": 19.985000000000582,
  "fps_avg": 29.021766324742714,
  "err_px": {
    "mean": 60.73340681043916,
    "median": 56.89003725825079,
    "std": 33.428626874635235,
    "p90": 105.01769320939844,
    "p95": 126.58307428348407,
    "max": 164.85532337436342
  },
  "rmse_time_weighted": 69.35717466769616,
  "tracking_loss_rate": 0.0,
  "mean_depth_mm": 341.36524822695037,
  "valid_depth_fraction_avg": 0.4862068965517241
}