{
  "sample_count": 838,
  "duration_sec": 37.28100000000268,
  "fps_avg": 22.47793782355462,
  "err_px": {
    "mean": 23.202825975372896,
    "median": 11.734378650268125,
    "std": 30.841069941535242,
    "p90": 78.40587722551678,
    "p95": 101.37709781795358,
    "max": 203.04702290553428
  },
  "rmse_time_weighted": 45.61597655511914,
  "tracking_loss_rate": 0.0,
  "mean_depth_mm": 293.16028708133973,
  "valid_depth_fraction_avg": 0.7482100238663485
}