{
  "sample_count": 546,
  "duration_sec": 19.984999999999673,
  "fps_avg": 27.32049036777628,
  "err_px": {
    "mean": 69.52945688983112,
    "median": 63.19758614423641,
    "std": 39.8122614110993,
    "p90": 126.81997314068441,
    "p95": 142.97869070497018,
    "max": 278.54547298611897
  },
  "rmse_time_weighted": 80.17207247458735,
  "tracking_loss_rate": 0.0,
  "mean_depth_mm": 308.2345360824742,
  "valid_depth_fraction_avg": 0.7106227106227107
}