{
  "sample_count": 178,
  "duration_sec": 8.60999999998603,
  "fps_avg": 20.673635307815193,
  "err_px": {
    "mean": 62.72519093327173,
    "median": 64.24373044784684,
    "std": 22.48942844160836,
    "p90": 90.7297313000622,
    "p95": 93.8788306757549,
    "max": 104.12771415673723
  },
  "rmse_time_weighted": 66.7410098064471,
  "tracking_loss_rate": 0.0,
  "mean_depth_mm": 392.7878787878788,
  "valid_depth_fraction_avg": 0.7415730337078652
}