{
  "sample_count": 596,
  "duration_sec": 19.98399999999674,
  "fps_avg": 29.82385908727468,
  "err_px": {
    "mean": 119.16140649472773,
    "median": 107.67170772646185,
    "std": 77.637893878416,
    "p90": 228.0701386504379,
    "p95": 268.39898954303055,
    "max": 429.5006447046037
  },
  "rmse_time_weighted": 143.31679632850515,
  "tracking_loss_rate": 0.0,
  "mean_depth_mm": 473.3307240704501,
  "valid_depth_fraction_avg": 0.8573825503355704
}