{
  "sample_count": 339,
  "duration_sec": 11.96899999998277,
  "fps_avg": 28.323168184517336,
  "err_px": {
    "mean": 49.29830709205835,
    "median": 40.227023708149424,
    "std": 39.00654985094946,
    "p90": 109.17373174721885,
    "p95": 117.9521187354912,
    "max": 123.97618606928073
  },
  "rmse_time_weighted": 63.070866378232694,
  "tracking_loss_rate": 0.0,
  "mean_depth_mm": 404.7718120805369,
  "valid_depth_fraction_avg": 0.8790560471976401
}