{
  "sample_count": 215,
  "duration_sec": 10.937999999994645,
  "fps_avg": 19.65624428598512,
  "err_px": {
    "mean": 91.2136227456629,
    "median": 63.43428100880441,
    "std": 106.13434219229897,
    "p90": 135.45151333013683,
    "p95": 389.6971058506013,
    "max": 570.4874361022997
  },
  "rmse_time_weighted": 141.2090609270231,
  "tracking_loss_rate": 0.0,
  "mean_depth_mm": 418.03712871287127,
  "valid_depth_fraction_avg": 0.9395348837209302
}