{
  "sample_count": 436,
  "duration_sec": 19.953999999997905,
  "fps_avg": 21.850255587854356,
  "err_px": {
    "mean": 211.88361393358372,
    "median": 182.0403695070544,
    "std": 159.44348923840255,
    "p90": 485.0912563231702,
    "p95": 526.5483820176372,
    "max": 1031.2963080838545
  },
  "rmse_time_weighted": 273.1348453206306,
  "tracking_loss_rate": 0.0,
  "mean_depth_mm": 443.2628992628993,
  "valid_depth_fraction_avg": 0.9334862385321101
}