{
  "sample_count": 589,
  "duration_sec": 19.985000000044238,
  "fps_avg": 29.472104077993308,
  "err_px": {
    "mean": 89.06455189102066,
    "median": 77.42750289002329,
    "std": 60.01840792277975,
    "p90": 155.24383690591463,
    "p95": 193.4522477018868,
    "max": 436.06905357497686
  },
  "rmse_time_weighted": 106.28105899658681,
  "tracking_loss_rate": 0.0,
  "mean_depth_mm": 429.9064171122995,
  "valid_depth_fraction_avg": 0.3174872665534805
}