{
  "sample_count": 101,
  "duration_sec": 3.327999999979511,
  "fps_avg": 30.348557692494534,
  "err_px": {
    "mean": 11.528710817761139,
    "median": 8.575082041844595,
    "std": 8.960414469169868,
    "p90": 26.527828329704896,
    "p95": 33.955775854425774,
    "max": 41.89688766818188
  },
  "rmse_time_weighted": 14.479888488950206,
  "tracking_loss_rate": 0.0,
  "mean_depth_mm": 406.7524752475247,
  "valid_depth_fraction_avg": 1.0
}