{
  "sample_count": 481,
  "duration_sec": 19.98400000000038,
  "fps_avg": 24.069255404323002,
  "err_px": {
    "mean": 61.07486096128717,
    "median": 54.58411510772833,
    "std": 32.66028742695153,
    "p90": 106.53223882763191,
    "p95": 121.04455673520751,
    "max": 168.66193855449546
  },
  "rmse_time_weighted": 68.21664339025433,
  "tracking_loss_rate": 0.0,
  "mean_depth_mm": 330.42121212121214,
  "valid_depth_fraction_avg": 0.6860706860706861
}