{
  "sample_count": 224,
  "duration_sec": 7.422000000020489,
  "fps_avg": 30.180544327591164,
  "err_px": {
    "mean": 9.567787147762852,
    "median": 6.521873330242505,
    "std": 8.658964537305389,
    "p90": 23.528182696562062,
    "p95": 28.125710225993274,
    "max": 31.837764829428405
  },
  "rmse_time_weighted": 12.964769027156706,
  "tracking_loss_rate": 0.0,
  "mean_depth_mm": 791.7777777777778,
  "valid_depth_fraction_avg": 0.9642857142857143
}