{
  "sample_count": 1288,
  "duration_sec": 83.875,
  "fps_avg": 15.35618479880775,
  "err_px": {
    "mean": 42.746323414496715,
    "median": 38.82650979266788,
    "std": 31.576824267594947,
    "p90": 85.98026337988156,
    "p95": 94.75249610039113,
    "max": 279.65052867694186
  },
  "rmse_time_weighted": 103.31346324630145,
  "tracking_loss_rate": 0.0,
  "mean_depth_mm": 354.2801070472792,
  "valid_depth_fraction_avg": 0.8703416149068323
}