{
  "sample_count": 468,
  "duration_sec": 15.593999999997322,
  "fps_avg": 30.01154290112097,
  "err_px": {
    "mean": 16.567054303726216,
    "median": 16.362454557420882,
    "std": 10.474860413383265,
    "p90": 31.85096754036834,
    "p95": 33.06897522261796,
    "max": 39.49043366256445
  },
  "rmse_time_weighted": 19.62180207905989,
  "tracking_loss_rate": 0.0,
  "mean_depth_mm": 421.78418803418805,
  "valid_depth_fraction_avg": 1.0
}