{
  "sample_count": 75,
  "duration_sec": 2.485000000000582,
  "fps_avg": 30.18108651910762,
  "err_px": {
    "mean": 27.759118854446655,
    "median": 14.705441169852742,
    "std": 28.65365003355755,
    "p90": 83.94639778640189,
    "p95": 87.70121868724114,
    "max": 101.62662495823669
  },
  "rmse_time_weighted": 40.709000320765675,
  "tracking_loss_rate": 0.0,
  "mean_depth_mm": 237.96,
  "valid_depth_fraction_avg": 1.0
}