{
  "sample_count": 281,
  "duration_sec": 10.90600000001723,
  "fps_avg": 25.76563359614488,
  "err_px": {
    "mean": 8.258958565091135,
    "median": 6.08754997551734,
    "std": 7.204416497987851,
    "p90": 21.474640450557033,
    "p95": 23.271379281498852,
    "max": 29.713235304472615
  },
  "rmse_time_weighted": 15.185640008445993,
  "tracking_loss_rate": 0.0,
  "mean_depth_mm": 693.6469534050179,
  "valid_depth_fraction_avg": 0.9928825622775801
}