{
  "sample_count": 315,
  "duration_sec": 19.953999999997905,
  "fps_avg": 15.786308509573674,
  "err_px": {
    "mean": 314.60508503805244,
    "median": 298.6507075467246,
    "std": 148.16682705736372,
    "p90": 493.47198761788496,
    "p95": 512.9836218182286,
    "max": 812.1925020749873
  },
  "rmse_time_weighted": 366.40016297230113,
  "tracking_loss_rate": 0.0,
  "mean_depth_mm": 400.0,
  "valid_depth_fraction_avg": 1.0
}