{
  "sample_count": 597,
  "duration_sec": 19.98399999999674,
  "fps_avg": 29.873899119300308,
  "err_px": {
    "mean": 47.70590482781613,
    "median": 41.192837099585866,
    "std": 32.85456141836508,
    "p90": 90.46557268878907,
    "p95": 112.35440859205971,
    "max": 180.5442093949497
  },
  "rmse_time_weighted": 58.18282540024275,
  "tracking_loss_rate": 0.0,
  "mean_depth_mm": 430.1463414634146,
  "valid_depth_fraction_avg": 0.34338358458961477
}