{
  "sample_count": 590,
  "duration_sec": 19.969000000011874,
  "fps_avg": 29.545795983757284,
  "err_px": {
    "mean": 65.00102123069959,
    "median": 56.51800286729018,
    "std": 42.28413452295958,
    "p90": 114.51409103333094,
    "p95": 139.7527619510286,
    "max": 273.3839381449939
  },
  "rmse_time_weighted": 77.74909114772151,
  "tracking_loss_rate": 0.0,
  "mean_depth_mm": 435.5742092457421,
  "valid_depth_fraction_avg": 0.6966101694915254
}