{
  "sample_count": 224,
  "duration_sec": 7.469000000040978,
  "fps_avg": 29.99062792860772,
  "err_px": {
    "mean": 13.952916627282915,
    "median": 10.587105022808998,
    "std": 13.90008414516698,
    "p90": 31.58901586880526,
    "p95": 41.68966434162419,
    "max": 65.78753741361099
  },
  "rmse_time_weighted": 19.665645354985294,
  "tracking_loss_rate": 0.0,
  "mean_depth_mm": 475.38392857142856,
  "valid_depth_fraction_avg": 1.0
}