{
  "sample_count": 526,
  "duration_sec": 17.59400000000005,
  "fps_avg": 29.89655564396945,
  "err_px": {
    "mean": 14.400397445310556,
    "median": 12.57270684158389,
    "std": 12.112689625524188,
    "p90": 23.729573419898536,
    "p95": 25.847080032624895,
    "max": 98.5258474726374
  },
  "rmse_time_weighted": 19.592597672253383,
  "tracking_loss_rate": 0.0,
  "mean_depth_mm": 390.015625,
  "valid_depth_fraction_avg": 0.8517110266159695
}